<?xml version="1.0" encoding="windows-1252"?>
<job id="endOfDaySales" 
     xmlns="http://xmlns.jcp.org/xml/ns/javaee" 
     version="1.0">
    <step id="populateSales">
        <chunk item-count="3" skip-limit="5">
            <reader ref="salesReader"/>
            <processor ref="salesProcessor"/>
            <writer ref="salesWriter"/>
            <skippable-exception-classes>
                <include class="java.lang.NumberFormatException"/>
            </skippable-exception-classes>
        </chunk>
    </step>
</job>
